id,person_id,purchase_date,retailer,item_description,product_code,master_category_full_name,price,sales_unit,age_group,person_gender,location_id
0acd22d702f3fcf76c554fcf5eaa85a9,8467422cbbfac129bc186bead1eb6d69,2023-11-10,A,대림 실속종합어묵1kg,8801066200050.0,가공식품>어육/연식품류>어육제품류>어묵,8780,1,5559,1,6
e2b822e3b05056ab1c715c05ec692924,a0687b1a9daffd607e756cf7e3a37314,2023-11-12,A,농심 멸치칼국수 98g*,8801043004282.0,가공식품>즉석/편의식품>라면류>봉지라면,4500,1,4549,1,7
c74c0b591998551d076902e6c9a7c067,a0687b1a9daffd607e756cf7e3a37314,2023-11-12,A,농심 안성탕면 125g*5,8801043014786.0,가공식품>즉석/편의식품>라면류>봉지라면,3700,1,4549,1,5
d59210780d858bea5a836ed4c5f166e1,839a5092c95c4c443139af07985b85fe,2023-11-17,A,농심 안성탕면 125g*5,8801043014786.0,가공식품>즉석/편의식품>라면류>봉지라면,3700,1,3034,1,5
8689d4bacc5a397f99709a1512dceee6,839a5092c95c4c443139af07985b85fe,2023-11-17,A,오뚜기빵가루500g,8801045426402.0,가공식품>분말류>밀가루분말류>밀가루,3680,1,3034,1,9
82fa9499901ccc28ddb0f5260b0ad036,253e60acaad785227c7281227ee12fa9,2023-11-17,A,농심 멸치칼국수 98g*,8801043004282.0,가공식품>즉석/편의식품>라면류>봉지라면,4500,1,3539,0,7
1a39bd54836bbff85cda7c2d123be383,253e60acaad785227c7281227ee12fa9,2023-11-19,A,농심 올리브짜파게티1,8801043015264.0,가공식품>즉석/편의식품>라면류>봉지라면,4880,1,3539,0,2
2cfa3eb2635a71c1e50851d81a330be0,634c4da98da8c63767837c105c624072,2023-11-19,A,농심 멸치칼국수 98g*,8801043004282.0,가공식품>즉석/편의식품>라면류>봉지라면,4500,1,4549,1,7
c36fa87543c899f994016c10da75413c,27692223eade8407bbe12f0114636310,2023-11-19,A,농심 멸치칼국수 98g*,8801043004282.0,가공식품>즉석/편의식품>라면류>봉지라면,4500,1,5054,1,7
cf870870ed0e3d30c921d359f87f133e,d5a56401bf5ab3463d28f41554753aa5,2023-11-18,A,농심 올리브짜파게티1,8801043015264.0,가공식품>즉석/편의식품>라면류>봉지라면,4880,1,4549,0,2
d6e5f21b4c8ee648cf6281e668e8c058,70c995a02f223d495f06a90649ea59db,2023-11-24,A,농심 멸치칼국수 98g*,8801043004282.0,가공식품>즉석/편의식품>라면류>봉지라면,4500,1,4549,1,7
04ed9229c77d1021abe166926436e316,b60d891ca8319942b163aeabbd031719,2023-11-20,B,백설 쇠고기다시다 골드,8801007058481.0,가공식품>조미료>종합조미료>천연/발효조미료,19100,1,4044,1,6
a07c7ee13c04d201e738a4667628ec55,88308f7592d41acddab153f61e3f062a,2023-11-06,A,오뚜기빵가루500g,8801045426402.0,가공식품>분말류>밀가루분말류>밀가루,3680,1,4549,0,9
ecb7465d9374ea99d63a4755461b3e8d,88308f7592d41acddab153f61e3f062a,2023-11-06,A,오뚜기딸기잼500g,8801045331324.0,가공식품>통조림/병>농산물통조림/병>과일류,6980,1,4549,0,7
93953601722365b138260fdbafc9f325,88308f7592d41acddab153f61e3f062a,2023-11-15,B,맥심 모카골드 리필,8801037028706.0,가공식품>커피/코코아>원두커피>로스팅원두커피,6420,1,4549,0,6
ba90f63016b3055939342702369facde,701dc648641ab4828ca451cc26353f04,2023-11-17,A,농심 올리브짜파게티1,8801043015264.0,가공식품>즉석/편의식품>라면류>봉지라면,4880,2,4044,0,2
bd191ef9348b53d3654e90a0ed6817d2,44808ad193344ccbc6f5a35f9a08d50e,2023-12-03,A,농심 올리브짜파게티1,8801043015264.0,가공식품>즉석/편의식품>라면류>봉지라면,4480,1,3034,0,2
fe01ea972ee8a97b8c81217ad42f300c,b329087e7efcf8d827d557948cc89c1c,2023-12-01,A,농심 안성탕면 125g*5,8801043014786.0,가공식품>즉석/편의식품>라면류>봉지라면,3700,1,4549,0,5
745cd2af6163440bf63a2e8d578c1b4c,d6a4750e9791c41b59d32c803fb76b80,2023-12-17,A,농심 올리브짜파게티1,8801043015264.0,가공식품>즉석/편의식품>라면류>봉지라면,4880,1,4549,1,2
0ecc0ce6ba2dbc006d26352a475c9cad,ff7ee58f392d86415ffa583767c8ccbf,2023-11-28,A,CJ 삼호어묵얇은사각,8801242643725.0,가공식품>어육/연식품류>어육제품류>어묵,4680,1,3539,0,3
0ecc0ce6ba2dbc006d26352a475c9cad,ff7ee58f392d86415ffa583767c8ccbf,2023-11-28,A,CJ 삼호어묵얇은사각,8801242643725.0,가공식품>어육/연식품류>어육제품류>어묵,4680,1,3539,0,3
0ecc0ce6ba2dbc006d26352a475c9cad,ff7ee58f392d86415ffa583767c8ccbf,2023-11-28,A,CJ 삼호어묵얇은사각,8801242643725.0,가공식품>어육/연식품류>어육제품류>어묵,4680,1,3539,0,3
0ecc0ce6ba2dbc006d26352a475c9cad,ff7ee58f392d86415ffa583767c8ccbf,2023-11-28,A,CJ 삼호어묵얇은사각,8801242643725.0,가공식품>어육/연식품류>어육제품류>어묵,4680,1,3539,0,3
06c14dd0a74906a44b9596ea524a33e7,9d02f2686a742a864df2f6ba020be1ca,2023-11-17,A,맥심 모카골드 커피믹,8801037076295.0,가공식품>커피/코코아>조제커피>믹스커피,26980,1,4044,0,4
c74c0b591998551d076902e6c9a7c067,a0687b1a9daffd607e756cf7e3a37314,2023-11-12,A,농심 안성탕면 125g*5,8801043014786.0,가공식품>즉석/편의식품>라면류>봉지라면,3700,1,4549,1,5
91b8e1551e228a33796b1209e8d0094c,06ecc0fa9156a83c5017b053e0cc04a7,2023-11-14,A,청정원 김밥용 단무지,8801024053995.0,가공식품>절임/발효식품>절임식품>단무지/쌈무,3080,1,3034,0,9
91b8e1551e228a33796b1209e8d0094c,06ecc0fa9156a83c5017b053e0cc04a7,2023-11-14,A,청정원 김밥용 단무지,8801024053995.0,가공식품>절임/발효식품>절임식품>단무지/쌈무,3080,1,3034,0,9
91b8e1551e228a33796b1209e8d0094c,06ecc0fa9156a83c5017b053e0cc04a7,2023-11-14,A,청정원 김밥용 단무지,8801024053995.0,가공식품>축산가공식품>햄/소시지(통조림/병제외)>햄,3080,1,3034,0,9
d59210780d858bea5a836ed4c5f166e1,839a5092c95c4c443139af07985b85fe,2023-11-17,A,농심 안성탕면 125g*5,8801043014786.0,가공식품>즉석/편의식품>라면류>봉지라면,3700,1,3034,1,5
d6aaf0575028323fc9fbc983a3680fef,abd69906157fc619ae6b2d5f88f06057,2023-12-06,A,포스트 그래놀라 블루,8801037050158.0,가공식품>즉석/편의식품>편의식품>시리얼,9380,1,4044,0,3
d6aaf0575028323fc9fbc983a3680fef,abd69906157fc619ae6b2d5f88f06057,2023-12-06,A,포스트 그래놀라 블루,8801037050158.0,가공식품>즉석/편의식품>편의식품>시리얼,9380,1,4044,0,3
d6aaf0575028323fc9fbc983a3680fef,abd69906157fc619ae6b2d5f88f06057,2023-12-06,A,포스트 그래놀라 블루,8801037050158.0,가공식품>즉석/편의식품>편의식품>시리얼,9380,1,4044,0,3
d6aaf0575028323fc9fbc983a3680fef,abd69906157fc619ae6b2d5f88f06057,2023-12-06,A,포스트 그래놀라 블루,8801037050158.0,가공식품>즉석/편의식품>편의식품>시리얼,9380,1,4044,0,3
fe01ea972ee8a97b8c81217ad42f300c,b329087e7efcf8d827d557948cc89c1c,2023-12-01,A,농심 안성탕면 125g*5,8801043014786.0,가공식품>즉석/편의식품>라면류>봉지라면,3700,1,4549,0,5
14d68aab8c6c607c39f2183bc125cfb7,d6a4750e9791c41b59d32c803fb76b80,2023-12-17,A,청정원 김밥용 단무지,8801024053995.0,가공식품>절임/발효식품>절임식품>단무지/쌈무,3080,1,4549,1,9
14d68aab8c6c607c39f2183bc125cfb7,d6a4750e9791c41b59d32c803fb76b80,2023-12-17,A,청정원 김밥용 단무지,8801024053995.0,가공식품>절임/발효식품>절임식품>단무지/쌈무,3080,1,4549,1,9
14d68aab8c6c607c39f2183bc125cfb7,d6a4750e9791c41b59d32c803fb76b80,2023-12-17,A,청정원 김밥용 단무지,8801024053995.0,가공식품>축산가공식품>햄/소시지(통조림/병제외)>햄,3080,1,4549,1,9
5f4130d76199155bf83b8ae9339e3576,839a5092c95c4c443139af07985b85fe,2023-11-17,A,CJ 고메치즈핫도그 크,8801007678702.0,가공식품>즉석/편의식품>냉동대용식>핫도그류,8480,1,3034,1,9
38eead9b9be45d472c19ea4d317cca24,a15a82d90755d97d1cf075726c95cbcf,2023-11-18,A,CJ 고메치즈핫도그 크,8801007678702.0,가공식품>즉석/편의식품>냉동대용식>핫도그류,8480,2,5054,0,9
deb1db2ee609709edaecce7c4905256b,5a59be94b3b92ea953908285bef0ce1c,2023-11-10,A,CJ 순두부찌개양념,8801007013466.0,가공식품>즉석/편의식품>즉석/조리식품>즉석국/찌개류,2380,1,4549,1,7
deb1db2ee609709edaecce7c4905256b,5a59be94b3b92ea953908285bef0ce1c,2023-11-10,A,CJ 순두부찌개양념,8801007013466.0,가공식품>즉석/편의식품>즉석/조리식품>즉석국/찌개류,2380,1,4549,1,7
deb1db2ee609709edaecce7c4905256b,5a59be94b3b92ea953908285bef0ce1c,2023-11-10,A,CJ 순두부찌개양념,8801007013466.0,가공식품>조미료>종합조미료>요리용양념장,2380,1,4549,1,7
905043d4c8dacebd09f976353ef666b4,9aae041d290485f7458d8493d6df4b87,2023-11-28,B,풀무원 직화짜장면 2인,8801114305027.0,가공식품>대용식재료>면류>짜장면/짬뽕면,7480,1,5559,1,2
905043d4c8dacebd09f976353ef666b4,9aae041d290485f7458d8493d6df4b87,2023-11-28,B,풀무원 직화짜장면 2인,8801114305027.0,가공식품>즉석/편의식품>즉석/조리식품>즉석면류,7480,1,5559,1,2
905043d4c8dacebd09f976353ef666b4,9aae041d290485f7458d8493d6df4b87,2023-11-28,B,풀무원 직화짜장면 2인,8801114305027.0,가공식품>즉석/편의식품>즉석/조리식품>즉석면류,7480,1,5559,1,2
7fc1584361118a65607d33a8436df627,b40737d9a213640f15dead55140954d1,2023-12-09,B,CJ 다담 바지락순두부,8801007013466.0,가공식품>즉석/편의식품>즉석/조리식품>즉석국/찌개류,2390,2,3034,0,7
7fc1584361118a65607d33a8436df627,b40737d9a213640f15dead55140954d1,2023-12-09,B,CJ 다담 바지락순두부,8801007013466.0,가공식품>즉석/편의식품>즉석/조리식품>즉석국/찌개류,2390,2,3034,0,7
7fc1584361118a65607d33a8436df627,b40737d9a213640f15dead55140954d1,2023-12-09,B,CJ 다담 바지락순두부,8801007013466.0,가공식품>조미료>종합조미료>요리용양념장,2390,2,3034,0,7
f0e748ac9d1366859374541a91ed3004,b329087e7efcf8d827d557948cc89c1c,2023-12-01,A,CJ 순두부찌개양념,8801007013466.0,가공식품>즉석/편의식품>즉석/조리식품>즉석국/찌개류,2380,1,4549,0,7
f0e748ac9d1366859374541a91ed3004,b329087e7efcf8d827d557948cc89c1c,2023-12-01,A,CJ 순두부찌개양념,8801007013466.0,가공식품>즉석/편의식품>즉석/조리식품>즉석국/찌개류,2380,1,4549,0,7
f0e748ac9d1366859374541a91ed3004,b329087e7efcf8d827d557948cc89c1c,2023-12-01,A,CJ 순두부찌개양념,8801007013466.0,가공식품>조미료>종합조미료>요리용양념장,2380,1,4549,0,7
e7a49be26cf7bfee0798276bd253fc7f,701dc648641ab4828ca451cc26353f04,2023-12-14,A,CJ 순두부찌개양념,8801007013466.0,가공식품>즉석/편의식품>즉석/조리식품>즉석국/찌개류,2380,2,4044,0,7
e7a49be26cf7bfee0798276bd253fc7f,701dc648641ab4828ca451cc26353f04,2023-12-14,A,CJ 순두부찌개양념,8801007013466.0,가공식품>즉석/편의식품>즉석/조리식품>즉석국/찌개류,2380,2,4044,0,7
e7a49be26cf7bfee0798276bd253fc7f,701dc648641ab4828ca451cc26353f04,2023-12-14,A,CJ 순두부찌개양념,8801007013466.0,가공식품>조미료>종합조미료>요리용양념장,2380,2,4044,0,7
95ea72c941bfd7d8a3688e7e8736d16f,9aae041d290485f7458d8493d6df4b87,2023-12-05,B,CJ 불맛 간짜장 2인,8801007704500.0,가공식품>대용식재료>면류>짜장면/짬뽕면,8490,1,5559,1,7
95ea72c941bfd7d8a3688e7e8736d16f,9aae041d290485f7458d8493d6df4b87,2023-12-05,B,CJ 불맛 간짜장 2인,8801007704500.0,가공식품>즉석/편의식품>즉석/조리식품>즉석면류,8490,1,5559,1,7
20f886042082818ffeb6584bae9a109a,76d7b9f9ff0c057683a47ba95dc2746d,2023-11-18,A,켈로그 후루트링 530g,8801083017532.0,가공식품>즉석/편의식품>편의식품>시리얼,8680,1,3539,0,9
20f886042082818ffeb6584bae9a109a,76d7b9f9ff0c057683a47ba95dc2746d,2023-11-18,A,켈로그 후루트링 530g,8801083017532.0,가공식품>즉석/편의식품>편의식품>시리얼,8680,1,3539,0,9
00d73149936d5392f25a8fa63ed2852e,48010ffb565955983142fc3cb0400bd8,2023-11-09,A,롯데 아몬드빼빼로132,8801062637669.0,가공식품>과자류>사탕류>초콜릿류,4380,2,4549,1,3
00d73149936d5392f25a8fa63ed2852e,48010ffb565955983142fc3cb0400bd8,2023-11-09,A,롯데 아몬드빼빼로132,8801062637669.0,가공식품>과자류>비스킷>쿠키류,4380,2,4549,1,3
00d73149936d5392f25a8fa63ed2852e,48010ffb565955983142fc3cb0400bd8,2023-11-09,A,롯데 아몬드빼빼로132,8801062637669.0,가공식품>과자류>비스킷>쿠키류,4380,2,4549,1,3
00d73149936d5392f25a8fa63ed2852e,48010ffb565955983142fc3cb0400bd8,2023-11-09,A,롯데 아몬드빼빼로132,8801062637669.0,가공식품>과자류>비스킷>쿠키류,4380,2,4549,1,3
deabd43d2f5520787e12d33062bb23c3,faa138ee6fe33d5692545d876e48f184,2023-11-10,A,롯데 아몬드빼빼로132,8801062637669.0,가공식품>과자류>사탕류>초콜릿류,4380,1,5054,1,3
deabd43d2f5520787e12d33062bb23c3,faa138ee6fe33d5692545d876e48f184,2023-11-10,A,롯데 아몬드빼빼로132,8801062637669.0,가공식품>과자류>비스킷>쿠키류,4380,1,5054,1,3
deabd43d2f5520787e12d33062bb23c3,faa138ee6fe33d5692545d876e48f184,2023-11-10,A,롯데 아몬드빼빼로132,8801062637669.0,가공식품>과자류>비스킷>쿠키류,4380,1,5054,1,3
deabd43d2f5520787e12d33062bb23c3,faa138ee6fe33d5692545d876e48f184,2023-11-10,A,롯데 아몬드빼빼로132,8801062637669.0,가공식품>과자류>비스킷>쿠키류,4380,1,5054,1,3
a1b67b03ad84a02fe814a0be621f6776,3e9f8836e19cbd79afa5f7103f9dac78,2023-11-11,A,롯데 아몬드빼빼로132,8801062637669.0,가공식품>과자류>사탕류>초콜릿류,4380,2,6000,1,3
a1b67b03ad84a02fe814a0be621f6776,3e9f8836e19cbd79afa5f7103f9dac78,2023-11-11,A,롯데 아몬드빼빼로132,8801062637669.0,가공식품>과자류>비스킷>쿠키류,4380,2,6000,1,3
a1b67b03ad84a02fe814a0be621f6776,3e9f8836e19cbd79afa5f7103f9dac78,2023-11-11,A,롯데 아몬드빼빼로132,8801062637669.0,가공식품>과자류>비스킷>쿠키류,4380,2,6000,1,3
a1b67b03ad84a02fe814a0be621f6776,3e9f8836e19cbd79afa5f7103f9dac78,2023-11-11,A,롯데 아몬드빼빼로132,8801062637669.0,가공식품>과자류>비스킷>쿠키류,4380,2,6000,1,3
278a7ba0802a5502a74ea6d500a232eb,c97db21d802543092c53b34312ae634f,2023-11-10,B,롯데 빼빼로 아몬드,8801062637669.0,가공식품>과자류>사탕류>초콜릿류,4380,1,4044,0,3
278a7ba0802a5502a74ea6d500a232eb,c97db21d802543092c53b34312ae634f,2023-11-10,B,롯데 빼빼로 아몬드,8801062637669.0,가공식품>과자류>비스킷>쿠키류,4380,1,4044,0,3
278a7ba0802a5502a74ea6d500a232eb,c97db21d802543092c53b34312ae634f,2023-11-10,B,롯데 빼빼로 아몬드,8801062637669.0,가공식품>과자류>비스킷>쿠키류,4380,1,4044,0,3
278a7ba0802a5502a74ea6d500a232eb,c97db21d802543092c53b34312ae634f,2023-11-10,B,롯데 빼빼로 아몬드,8801062637669.0,가공식품>과자류>비스킷>쿠키류,4380,1,4044,0,3
09f952dfe6631d447a840f7a4df3a849,83af16a5d7d3c975fc2fdca29141629a,2023-11-17,A,롯데 아몬드빼빼로132,8801062637669.0,가공식품>과자류>사탕류>초콜릿류,4380,3,4044,0,3
09f952dfe6631d447a840f7a4df3a849,83af16a5d7d3c975fc2fdca29141629a,2023-11-17,A,롯데 아몬드빼빼로132,8801062637669.0,가공식품>과자류>비스킷>쿠키류,4380,3,4044,0,3
09f952dfe6631d447a840f7a4df3a849,83af16a5d7d3c975fc2fdca29141629a,2023-11-17,A,롯데 아몬드빼빼로132,8801062637669.0,가공식품>과자류>비스킷>쿠키류,4380,3,4044,0,3
09f952dfe6631d447a840f7a4df3a849,83af16a5d7d3c975fc2fdca29141629a,2023-11-17,A,롯데 아몬드빼빼로132,8801062637669.0,가공식품>과자류>비스킷>쿠키류,4380,3,4044,0,3
5cd59e3c33fbde86a1c9e01e8e134d95,ff7ee58f392d86415ffa583767c8ccbf,2023-11-18,A,크라운버터와플 12개,8801111113229.0,가공식품>과자류>비스킷>쿠키류,4380,3,3539,0,6
5cd59e3c33fbde86a1c9e01e8e134d95,ff7ee58f392d86415ffa583767c8ccbf,2023-11-18,A,크라운버터와플 12개,8801111113229.0,가공식품>과자류>비스킷>쿠키류,4380,3,3539,0,6
5658d1ca96df84d762ee55b5d1129442,5f4ac1e511c10d50d37f0c51f14062c3,2023-11-11,A,롯데 아몬드빼빼로132,8801062637669.0,가공식품>과자류>사탕류>초콜릿류,4380,1,5054,1,3
5658d1ca96df84d762ee55b5d1129442,5f4ac1e511c10d50d37f0c51f14062c3,2023-11-11,A,롯데 아몬드빼빼로132,8801062637669.0,가공식품>과자류>비스킷>쿠키류,4380,1,5054,1,3
5658d1ca96df84d762ee55b5d1129442,5f4ac1e511c10d50d37f0c51f14062c3,2023-11-11,A,롯데 아몬드빼빼로132,8801062637669.0,가공식품>과자류>비스킷>쿠키류,4380,1,5054,1,3
5658d1ca96df84d762ee55b5d1129442,5f4ac1e511c10d50d37f0c51f14062c3,2023-11-11,A,롯데 아몬드빼빼로132,8801062637669.0,가공식품>과자류>비스킷>쿠키류,4380,1,5054,1,3
89faab6090f927a8eb0564d0bd30f524,70c995a02f223d495f06a90649ea59db,2023-11-24,A,크라운버터와플 12개,8801111113229.0,가공식품>과자류>비스킷>쿠키류,4380,1,4549,1,6
89faab6090f927a8eb0564d0bd30f524,70c995a02f223d495f06a90649ea59db,2023-11-24,A,크라운버터와플 12개,8801111113229.0,가공식품>과자류>비스킷>쿠키류,4380,1,4549,1,6
663cb72695794fec2ae1c1f0e579b9d0,26116941535b8f6ca900e54b78e32dc0,2023-11-21,B,크라운 버터와플,8801111113229.0,가공식품>과자류>비스킷>쿠키류,3480,1,4549,0,6
663cb72695794fec2ae1c1f0e579b9d0,26116941535b8f6ca900e54b78e32dc0,2023-11-21,B,크라운 버터와플,8801111113229.0,가공식품>과자류>비스킷>쿠키류,3480,1,4549,0,6
26514ddf633e38d46271243d7a8e7352,d6a4750e9791c41b59d32c803fb76b80,2023-12-11,A,크라운버터와플 12개,8801111113229.0,가공식품>과자류>비스킷>쿠키류,4380,1,4549,1,6
26514ddf633e38d46271243d7a8e7352,d6a4750e9791c41b59d32c803fb76b80,2023-12-11,A,크라운버터와플 12개,8801111113229.0,가공식품>과자류>비스킷>쿠키류,4380,1,4549,1,6
00d73149936d5392f25a8fa63ed2852e,48010ffb565955983142fc3cb0400bd8,2023-11-09,A,롯데 아몬드빼빼로132,8801062637669.0,가공식품>과자류>비스킷>스낵,4380,2,4549,1,3
deabd43d2f5520787e12d33062bb23c3,faa138ee6fe33d5692545d876e48f184,2023-11-10,A,롯데 아몬드빼빼로132,8801062637669.0,가공식품>과자류>비스킷>스낵,4380,1,5054,1,3
a1b67b03ad84a02fe814a0be621f6776,3e9f8836e19cbd79afa5f7103f9dac78,2023-11-11,A,롯데 아몬드빼빼로132,8801062637669.0,가공식품>과자류>비스킷>스낵,4380,2,6000,1,3
278a7ba0802a5502a74ea6d500a232eb,c97db21d802543092c53b34312ae634f,2023-11-10,B,롯데 빼빼로 아몬드,8801062637669.0,가공식품>과자류>비스킷>스낵,4380,1,4044,0,3
09f952dfe6631d447a840f7a4df3a849,83af16a5d7d3c975fc2fdca29141629a,2023-11-17,A,롯데 아몬드빼빼로132,8801062637669.0,가공식품>과자류>비스킷>스낵,4380,3,4044,0,3
5658d1ca96df84d762ee55b5d1129442,5f4ac1e511c10d50d37f0c51f14062c3,2023-11-11,A,롯데 아몬드빼빼로132,8801062637669.0,가공식품>과자류>비스킷>스낵,4380,1,5054,1,3
aeaadb0fc656b1703b696cf9eefdd119,a6abf0c0ffb3ffb07cd4e37735f34595,2023-11-17,A,크라운 국희땅콩샌드,8801111110624.0,가공식품>과자류>비스킷>쿠키류,3840,1,3034,0,8
aeaadb0fc656b1703b696cf9eefdd119,a6abf0c0ffb3ffb07cd4e37735f34595,2023-11-17,A,크라운 국희땅콩샌드,8801111110624.0,가공식품>과자류>비스킷>쿠키류,3840,1,3034,0,8
aeaadb0fc656b1703b696cf9eefdd119,a6abf0c0ffb3ffb07cd4e37735f34595,2023-11-17,A,크라운 국희땅콩샌드,8801111110624.0,가공식품>과자류>비스킷>쿠키류,3840,1,3034,0,8
aeaadb0fc656b1703b696cf9eefdd119,a6abf0c0ffb3ffb07cd4e37735f34595,2023-11-17,A,크라운 국희땅콩샌드,8801111110624.0,가공식품>과자류>비스킷>쿠키류,3840,1,3034,0,8
acb4f33f187b02268d745bf44658803f,88308f7592d41acddab153f61e3f062a,2023-12-01,A,청정원찰고추장2kg,8801052971131.0,가공식품>조미료>장류>고추장,33000,1,4549,0,6
acb4f33f187b02268d745bf44658803f,88308f7592d41acddab153f61e3f062a,2023-12-01,A,청정원찰고추장2kg,8801052971131.0,가공식품>조미료>장류>고추장,33000,1,4549,0,6
aeaadb0fc656b1703b696cf9eefdd119,a6abf0c0ffb3ffb07cd4e37735f34595,2023-11-17,A,크라운 국희땅콩샌드,8801111110624.0,가공식품>과자류>비스킷>쿠키류,3840,1,3034,0,8
25744d722126c5b05ff00b1e63bdc6ce,3c4d51a3a1153c595b4d82163f1f2c6c,2023-11-19,A,마카다미아넛473ml,3415581119299.0,가공식품>냉동식품>아이스크림>기타아이스크림류,15500,1,4044,0,5
25744d722126c5b05ff00b1e63bdc6ce,3c4d51a3a1153c595b4d82163f1f2c6c,2023-11-19,A,마카다미아넛473ml,3415581119299.0,가공식품>냉동식품>아이스크림>기타아이스크림류,15500,1,4044,0,5
bb37a8f290449efc489e63d1c70724c0,a0687b1a9daffd607e756cf7e3a37314,2023-11-18,A,농심 신라면 120g*5개,8801043014830.0,가공식품>즉석/편의식품>라면류>봉지라면,3900,1,4549,1,5
a5f2ee6587846975f2014dc8a4afd2af,d4a8e81317b30214454142acca77ceda,2023-11-15,A,농심 신라면 120g*5개,8801043014830.0,가공식품>즉석/편의식품>라면류>봉지라면,3900,1,3539,1,5
b4286e199b0a6ed9900d0d2b58ba5e82,70c995a02f223d495f06a90649ea59db,2023-11-18,A,농심 신라면 120g*5개,8801043014830.0,가공식품>즉석/편의식품>라면류>봉지라면,3900,1,4549,1,5
8e043e84f10d4c08d99e33aa6ef81177,4b63572a35b36d26031c3a2074304ca1,2023-11-21,A,농심 신라면 120g*5개,8801043014830.0,가공식품>즉석/편의식품>라면류>봉지라면,3900,1,6000,1,5
471f53d758f9f1b5a0713ee602c3b206,bbd864adc205f57de0fe51ef273e11cd,2023-11-17,A,농심 신라면 120g*5개,8801043014830.0,가공식품>즉석/편의식품>라면류>봉지라면,3900,1,6000,1,5
a12e82239b66e814684c2702cce781d0,3d866d784f939c7341beee22b3d5cca0,2023-12-03,A,농심 신라면 120g*5개,8801043014830.0,가공식품>즉석/편의식품>라면류>봉지라면,3900,1,6000,1,5
fe456dcf1b7b936b44eff024db1deef0,4de4eefdfac47c61ce1bf17b221920aa,2023-11-18,B,농심 신라면 (5개입),8801043014830.0,가공식품>즉석/편의식품>라면류>봉지라면,3900,1,3034,0,5
c5d6e3251ce5574938dc3c559c070fdd,eb0db4d6f1976127b1860f588abbda37,2023-11-21,B,농심 신라면 (5개입),8801043014830.0,가공식품>즉석/편의식품>라면류>봉지라면,3900,2,5054,0,5
67299cd552da28f5c3ef406da581bf0f,3e9f8836e19cbd79afa5f7103f9dac78,2023-11-19,A,해찬들쌀고추장1kg,8801007166599.0,가공식품>조미료>장류>고추장,19200,1,6000,1,8
67299cd552da28f5c3ef406da581bf0f,3e9f8836e19cbd79afa5f7103f9dac78,2023-11-19,A,해찬들쌀고추장1kg,8801007166599.0,가공식품>조미료>장류>고추장,19200,1,6000,1,8
d244a994977c3f83965bc68166d62f96,48611a8aedf743b2d5fdd57668bb33b0,2023-11-19,A,해태 아이비270G,8801019307263.0,가공식품>과자류>비스킷>쿠키류,3180,1,6000,1,8
d244a994977c3f83965bc68166d62f96,48611a8aedf743b2d5fdd57668bb33b0,2023-11-19,A,해태 아이비270G,8801019307263.0,가공식품>과자류>비스킷>쿠키류,3180,1,6000,1,8
d244a994977c3f83965bc68166d62f96,48611a8aedf743b2d5fdd57668bb33b0,2023-11-19,A,해태 아이비270G,8801019307263.0,가공식품>과자류>비스킷>쿠키류,3180,1,6000,1,8
d244a994977c3f83965bc68166d62f96,48611a8aedf743b2d5fdd57668bb33b0,2023-11-19,A,해태 아이비270G,8801019307263.0,가공식품>과자류>비스킷>쿠키류,3180,1,6000,1,8
5421fb37e3d00ced4438d43d55026adc,a9b55ccfe3c40dab53b8c2b041d8f70d,2023-12-06,A,해태 아이비270G,8801019307263.0,가공식품>과자류>비스킷>쿠키류,3180,1,4044,0,8
5421fb37e3d00ced4438d43d55026adc,a9b55ccfe3c40dab53b8c2b041d8f70d,2023-12-06,A,해태 아이비270G,8801019307263.0,가공식품>과자류>비스킷>쿠키류,3180,1,4044,0,8
5421fb37e3d00ced4438d43d55026adc,a9b55ccfe3c40dab53b8c2b041d8f70d,2023-12-06,A,해태 아이비270G,8801019307263.0,가공식품>과자류>비스킷>쿠키류,3180,1,4044,0,8
5421fb37e3d00ced4438d43d55026adc,a9b55ccfe3c40dab53b8c2b041d8f70d,2023-12-06,A,해태 아이비270G,8801019307263.0,가공식품>과자류>비스킷>쿠키류,3180,1,4044,0,8
561a902e8a364bb3f75fc4da3778fb9c,9acf406b1c59fc387e46fbf51f1b30f4,2023-12-17,A,해태 아이비270G,8801019307263.0,가공식품>과자류>비스킷>쿠키류,3180,1,5054,1,8
561a902e8a364bb3f75fc4da3778fb9c,9acf406b1c59fc387e46fbf51f1b30f4,2023-12-17,A,해태 아이비270G,8801019307263.0,가공식품>과자류>비스킷>쿠키류,3180,1,5054,1,8
561a902e8a364bb3f75fc4da3778fb9c,9acf406b1c59fc387e46fbf51f1b30f4,2023-12-17,A,해태 아이비270G,8801019307263.0,가공식품>과자류>비스킷>쿠키류,3180,1,5054,1,8
561a902e8a364bb3f75fc4da3778fb9c,9acf406b1c59fc387e46fbf51f1b30f4,2023-12-17,A,해태 아이비270G,8801019307263.0,가공식품>과자류>비스킷>쿠키류,3180,1,5054,1,8
0acd22d702f3fcf76c554fcf5eaa85a9,8467422cbbfac129bc186bead1eb6d69,2023-11-10,A,대림 실속종합어묵1kg,8801066200050.0,가공식품>어육/연식품류>어육제품류>어묵,8780,1,5559,1,6
42400cfd1e0293a2b68778c3cbffe1c6,e896e6d9a2721705f10e4007b39c3e2b,2023-11-19,A,짜지않은치즈252g,8801155566135.0,가공식품>유제품>유가공품>치즈류,9980,2,3539,0,7
42400cfd1e0293a2b68778c3cbffe1c6,e896e6d9a2721705f10e4007b39c3e2b,2023-11-19,A,짜지않은치즈252g,8801155566135.0,가공식품>유제품>유가공품>치즈류,9980,2,3539,0,7
42400cfd1e0293a2b68778c3cbffe1c6,e896e6d9a2721705f10e4007b39c3e2b,2023-11-19,A,짜지않은치즈252g,8801155566135.0,가공식품>유제품>유가공품>치즈류,9980,2,3539,0,7
039bffe9d2276592d370fb9069bf554f,b4737c2e7dc98ac210f4d570e46ba75c,2023-11-19,A,남양 불가리스 복숭아,8801069225104.0,가공식품>유제품>요구르트>액상요구르트,9980,1,4044,1,5
039bffe9d2276592d370fb9069bf554f,b4737c2e7dc98ac210f4d570e46ba75c,2023-11-19,A,남양 불가리스 복숭아,8801069225104.0,가공식품>유제품>요구르트>액상요구르트,9980,1,4044,1,5
e1631c720b28aea8aab9b5d74b54945a,839a5092c95c4c443139af07985b85fe,2023-11-13,A,서울 목장신선우유 1L,8801115114260.0,가공식품>유제품>우유>일반우유,3640,1,3034,1,2
e1631c720b28aea8aab9b5d74b54945a,839a5092c95c4c443139af07985b85fe,2023-11-13,A,서울 목장신선우유 1L,8801115114260.0,가공식품>유제품>우유>일반우유,3640,1,3034,1,2
e1631c720b28aea8aab9b5d74b54945a,839a5092c95c4c443139af07985b85fe,2023-11-13,A,서울 목장신선우유 1L,8801115114260.0,가공식품>유제품>우유>일반우유,3640,1,3034,1,2
353b58c3b1fc78ba5e5e19a8defef84e,2c5ec60d89789bec6d230c8214ec0732,2023-11-11,B,농협 영양 청결고춧가루,8808280710006.0,가공식품>조미료>향신료>고추가루,43900,1,5054,0,2
774f04b96ee37e8f95e18216a5f64176,faa138ee6fe33d5692545d876e48f184,2023-12-02,A,서울 목장신선우유 1L,8801115114260.0,가공식품>유제품>우유>일반우유,3640,1,5054,1,2
774f04b96ee37e8f95e18216a5f64176,faa138ee6fe33d5692545d876e48f184,2023-12-02,A,서울 목장신선우유 1L,8801115114260.0,가공식품>유제품>우유>일반우유,3640,1,5054,1,2
774f04b96ee37e8f95e18216a5f64176,faa138ee6fe33d5692545d876e48f184,2023-12-02,A,서울 목장신선우유 1L,8801115114260.0,가공식품>유제품>우유>일반우유,3640,1,5054,1,2
d08680f66d3211d6b832fb61652e8741,d772ba53c7b65af1f1b02267656ee751,2023-11-11,A,CJ해찬들재래식된장1k,8801007053394.0,가공식품>조미료>장류>된장,8980,1,6000,1,9
d08680f66d3211d6b832fb61652e8741,d772ba53c7b65af1f1b02267656ee751,2023-11-11,A,CJ해찬들재래식된장1k,8801007053394.0,가공식품>조미료>장류>된장,8980,1,6000,1,9
8f162fe798f100d7d7730d25ed2d77d0,839a5092c95c4c443139af07985b85fe,2023-11-17,A,하겐다즈 바닐라473ml,3415581101294.0,가공식품>냉동식품>아이스크림>기타아이스크림류,15500,1,3034,1,3
8f162fe798f100d7d7730d25ed2d77d0,839a5092c95c4c443139af07985b85fe,2023-11-17,A,하겐다즈 바닐라473ml,3415581101294.0,가공식품>냉동식품>아이스크림>기타아이스크림류,15500,1,3034,1,3
7f9df9248b771dcb274855ddd7809ef8,d5a56401bf5ab3463d28f41554753aa5,2023-11-18,A,1865까르미네르750ml,7804300123413.0,가공식품>주류>양조주>와인,32800,1,4549,0,8
58a531ce1a21c9022155f91216c61d5b,88308f7592d41acddab153f61e3f062a,2023-11-15,B,동서 맥심 커피믹스 모카골드 마일드,8801037047202.0,가공식품>커피/코코아>조제커피>믹스커피,28430,1,4549,0,2
58a531ce1a21c9022155f91216c61d5b,88308f7592d41acddab153f61e3f062a,2023-11-15,B,동서 맥심 커피믹스 모카골드 마일드,8801037047202.0,가공식품>커피/코코아>조제커피>믹스커피,28430,1,4549,0,2
d89150439707591e853347685d497a95,701dc648641ab4828ca451cc26353f04,2023-11-25,A,CJ 비비고김치왕교자,8801007406299.0,가공식품>즉석/편의식품>냉동대용식>만두류,9480,1,4044,0,8
d89150439707591e853347685d497a95,701dc648641ab4828ca451cc26353f04,2023-11-25,A,CJ 비비고김치왕교자,8801007406299.0,가공식품>즉석/편의식품>냉동대용식>만두류,9480,1,4044,0,8
d89150439707591e853347685d497a95,701dc648641ab4828ca451cc26353f04,2023-11-25,A,CJ 비비고김치왕교자,8801007406299.0,가공식품>즉석/편의식품>냉동대용식>만두류,9480,1,4044,0,8
8a7e244b967ba9a020bad605dfa010a8,193b0351693cf787c2b1423f1b806806,2023-12-06,B,한삼인 홍삼양갱,8808340884449.0,가공식품>건강식품>건강보조식품>홍삼/인삼제품,28000,1,4549,0,8
8a7e244b967ba9a020bad605dfa010a8,193b0351693cf787c2b1423f1b806806,2023-12-06,B,한삼인 홍삼양갱,8808340884449.0,가공식품>건강식품>건강보조식품>홍삼/인삼제품,28000,1,4549,0,8
836b615ed7b9bf91f113bd01bde7320d,15afbe1c72e05a4a1bc8246bd2769878,2023-11-18,A,롯데 빈츠 204g,8801062634453.0,가공식품>과자류>비스킷>쿠키류,4480,2,3034,1,5
836b615ed7b9bf91f113bd01bde7320d,15afbe1c72e05a4a1bc8246bd2769878,2023-11-18,A,롯데 빈츠 204g,8801062634453.0,가공식품>과자류>비스킷>쿠키류,4480,2,3034,1,5
4547265c61b72d4c87de00968c58b67c,ff7ee58f392d86415ffa583767c8ccbf,2023-11-18,A,롯데 빈츠 204g,8801062634453.0,가공식품>과자류>비스킷>쿠키류,4480,1,3539,0,5
4547265c61b72d4c87de00968c58b67c,ff7ee58f392d86415ffa583767c8ccbf,2023-11-18,A,롯데 빈츠 204g,8801062634453.0,가공식품>과자류>비스킷>쿠키류,4480,1,3539,0,5
93953601722365b138260fdbafc9f325,88308f7592d41acddab153f61e3f062a,2023-11-15,B,맥심 모카골드 리필,8801037028706.0,가공식품>커피/코코아>원두커피>로스팅원두커피,6420,1,4549,0,6
93953601722365b138260fdbafc9f325,88308f7592d41acddab153f61e3f062a,2023-11-15,B,맥심 모카골드 리필,8801037028706.0,가공식품>커피/코코아>원두커피>로스팅원두커피,6420,1,4549,0,6
941c875c44337d17af32469101207ca1,701dc648641ab4828ca451cc26353f04,2023-11-18,A,롯데 빈츠 204g,8801062634453.0,가공식품>과자류>비스킷>쿠키류,4480,3,4044,0,5
941c875c44337d17af32469101207ca1,701dc648641ab4828ca451cc26353f04,2023-11-18,A,롯데 빈츠 204g,8801062634453.0,가공식품>과자류>비스킷>쿠키류,4480,3,4044,0,5
eb147c7e21fac0595001e263f87ea1b6,7eb49eb0801b5ef196ed2f278df32246,2023-11-17,A,CJ더건강한그릴후랑크,8801007334332.0,가공식품>축산가공식품>햄/소시지(통조림/병제외)>소시지,9980,2,4549,0,6
eb147c7e21fac0595001e263f87ea1b6,7eb49eb0801b5ef196ed2f278df32246,2023-11-17,A,CJ더건강한그릴후랑크,8801007334332.0,가공식품>축산가공식품>햄/소시지(통조림/병제외)>소시지,9980,2,4549,0,6
e2b822e3b05056ab1c715c05ec692924,a0687b1a9daffd607e756cf7e3a37314,2023-11-12,A,농심 멸치칼국수 98g*,8801043004282.0,가공식품>즉석/편의식품>라면류>봉지라면,4500,1,4549,1,7
51dce526f3f496f96c9664a4d500af6b,e9ebf8c077e7b4d16e21573efc439dec,2023-11-11,A,기네스 드래프트_440m,50213085.0,가공식품>주류>양조주>맥주,3000,1,3034,1,7
51dce526f3f496f96c9664a4d500af6b,e9ebf8c077e7b4d16e21573efc439dec,2023-11-11,A,기네스 드래프트_440m,50213085.0,가공식품>주류>양조주>맥주,3000,1,3034,1,7
82fa9499901ccc28ddb0f5260b0ad036,253e60acaad785227c7281227ee12fa9,2023-11-17,A,농심 멸치칼국수 98g*,8801043004282.0,가공식품>즉석/편의식품>라면류>봉지라면,4500,1,3539,0,7
2cfa3eb2635a71c1e50851d81a330be0,634c4da98da8c63767837c105c624072,2023-11-19,A,농심 멸치칼국수 98g*,8801043004282.0,가공식품>즉석/편의식품>라면류>봉지라면,4500,1,4549,1,7
2c302bb202bc53e6f82fb80c27b52fb6,634c4da98da8c63767837c105c624072,2023-11-11,A,기네스 드래프트_440m,50213085.0,가공식품>주류>양조주>맥주,3000,3,4549,1,7
2c302bb202bc53e6f82fb80c27b52fb6,634c4da98da8c63767837c105c624072,2023-11-11,A,기네스 드래프트_440m,50213085.0,가공식품>주류>양조주>맥주,3000,3,4549,1,7
c36fa87543c899f994016c10da75413c,27692223eade8407bbe12f0114636310,2023-11-19,A,농심 멸치칼국수 98g*,8801043004282.0,가공식품>즉석/편의식품>라면류>봉지라면,4500,1,5054,1,7
d6e5f21b4c8ee648cf6281e668e8c058,70c995a02f223d495f06a90649ea59db,2023-11-24,A,농심 멸치칼국수 98g*,8801043004282.0,가공식품>즉석/편의식품>라면류>봉지라면,4500,1,4549,1,7
ecb7465d9374ea99d63a4755461b3e8d,88308f7592d41acddab153f61e3f062a,2023-11-06,A,오뚜기딸기잼500g,8801045331324.0,가공식품>통조림/병>농산물통조림/병>잼류/스프레드류,6980,1,4549,0,7
ecb7465d9374ea99d63a4755461b3e8d,88308f7592d41acddab153f61e3f062a,2023-11-06,A,오뚜기딸기잼500g,8801045331324.0,가공식품>통조림/병>농산물통조림/병>과일류,6980,1,4549,0,7
c47d3492659a8006606af9456787a3b2,253de964d8b171bb2d922896bf7d1f41,2023-12-02,A,기네스 드래프트_440m,50213085.0,가공식품>주류>양조주>맥주,3000,2,4044,0,7
c47d3492659a8006606af9456787a3b2,253de964d8b171bb2d922896bf7d1f41,2023-12-02,A,기네스 드래프트_440m,50213085.0,가공식품>주류>양조주>맥주,3000,2,4044,0,7
88e61e37bca0943e78e6d3dd763ea29d,f018ef7cabd1a12a26dc1ac564543c8c,2023-12-07,A,오뚜기파스타소스600g,8801045803203.0,가공식품>조미료>드레싱/소스>소스,4980,1,5559,0,2
88e61e37bca0943e78e6d3dd763ea29d,f018ef7cabd1a12a26dc1ac564543c8c,2023-12-07,A,오뚜기파스타소스600g,8801045803203.0,가공식품>조미료>드레싱/소스>소스,4980,1,5559,0,2
88e61e37bca0943e78e6d3dd763ea29d,f018ef7cabd1a12a26dc1ac564543c8c,2023-12-07,A,오뚜기파스타소스600g,8801045803203.0,가공식품>조미료>드레싱/소스>소스,4980,1,5559,0,2
944947286973ae48e68e7ed1d8725df5,ff7ee58f392d86415ffa583767c8ccbf,2023-12-19,A,오뚜기파스타소스600g,8801045803203.0,가공식품>조미료>드레싱/소스>소스,4980,1,3539,0,2
944947286973ae48e68e7ed1d8725df5,ff7ee58f392d86415ffa583767c8ccbf,2023-12-19,A,오뚜기파스타소스600g,8801045803203.0,가공식품>조미료>드레싱/소스>소스,4980,1,3539,0,2
944947286973ae48e68e7ed1d8725df5,ff7ee58f392d86415ffa583767c8ccbf,2023-12-19,A,오뚜기파스타소스600g,8801045803203.0,가공식품>조미료>드레싱/소스>소스,4980,1,3539,0,2
69d845701841bb009debb0ce9858f02f,701dc648641ab4828ca451cc26353f04,2023-11-18,A,맛선생 멸치한알100g,8801052091907.0,가공식품>조미료>종합조미료>기타조미료,9900,1,4044,0,3
ce2ce390dc466cb242a93b49c1dc5e0c,b329087e7efcf8d827d557948cc89c1c,2023-12-01,A,맛선생 멸치한알100g,8801052091907.0,가공식품>조미료>종합조미료>기타조미료,9900,1,4549,0,3
882e740c6cef1e43a372d0f5f3864dde,b459da8a846a56d3a3d9d34108ed87ef,2023-11-18,A,농심 오징어짬뽕124g*,8801043015141.0,가공식품>즉석/편의식품>라면류>봉지라면,4880,1,4549,0,9
882e740c6cef1e43a372d0f5f3864dde,b459da8a846a56d3a3d9d34108ed87ef,2023-11-18,A,농심 오징어짬뽕124g*,8801043015141.0,가공식품>즉석/편의식품>라면류>봉지라면,4880,1,4549,0,9
882e740c6cef1e43a372d0f5f3864dde,b459da8a846a56d3a3d9d34108ed87ef,2023-11-18,A,농심 오징어짬뽕124g*,8801043015141.0,가공식품>즉석/편의식품>라면류>봉지라면,4880,1,4549,0,9
a2651db8cda896295a2d94d9cab59e16,3e9f8836e19cbd79afa5f7103f9dac78,2023-11-19,A,CJ해찬들매운고추장1k,8801007166575.0,가공식품>조미료>장류>고추장,19800,1,6000,1,2
472b6b2d63f1cd2d4c400dbeccf0e2a4,634c4da98da8c63767837c105c624072,2023-11-19,A,농심 오징어짬뽕124g*,8801043015141.0,가공식품>즉석/편의식품>라면류>봉지라면,4880,1,4549,1,9
472b6b2d63f1cd2d4c400dbeccf0e2a4,634c4da98da8c63767837c105c624072,2023-11-19,A,농심 오징어짬뽕124g*,8801043015141.0,가공식품>즉석/편의식품>라면류>봉지라면,4880,1,4549,1,9
472b6b2d63f1cd2d4c400dbeccf0e2a4,634c4da98da8c63767837c105c624072,2023-11-19,A,농심 오징어짬뽕124g*,8801043015141.0,가공식품>즉석/편의식품>라면류>봉지라면,4880,1,4549,1,9
483ae14a0e5e5c069136b6cffa69a9c8,27692223eade8407bbe12f0114636310,2023-11-19,A,농심 오징어짬뽕124g*,8801043015141.0,가공식품>즉석/편의식품>라면류>봉지라면,4880,1,5054,1,9
483ae14a0e5e5c069136b6cffa69a9c8,27692223eade8407bbe12f0114636310,2023-11-19,A,농심 오징어짬뽕124g*,8801043015141.0,가공식품>즉석/편의식품>라면류>봉지라면,4880,1,5054,1,9
483ae14a0e5e5c069136b6cffa69a9c8,27692223eade8407bbe12f0114636310,2023-11-19,A,농심 오징어짬뽕124g*,8801043015141.0,가공식품>즉석/편의식품>라면류>봉지라면,4880,1,5054,1,9
1f466849b593fa0d08bac3f8b5c65967,b0539a604dca18334ba35ff8fc36018f,2023-11-17,A,오리온초코파이468g(1,8801117534912.0,가공식품>과자류>비스킷>파이류,4320,1,3034,0,6
1f466849b593fa0d08bac3f8b5c65967,b0539a604dca18334ba35ff8fc36018f,2023-11-17,A,오리온초코파이468g(1,8801117534912.0,가공식품>과자류>비스킷>파이류,4320,1,3034,0,6
1f466849b593fa0d08bac3f8b5c65967,b0539a604dca18334ba35ff8fc36018f,2023-11-17,A,오리온초코파이468g(1,8801117534912.0,가공식품>과자류>비스킷>파이류,4320,1,3034,0,6
1f466849b593fa0d08bac3f8b5c65967,b0539a604dca18334ba35ff8fc36018f,2023-11-17,A,오리온초코파이468g(1,8801117534912.0,가공식품>과자류>비스킷>파이류,4320,1,3034,0,6
653fba22c61064d476dfa1f73754a1e9,83af16a5d7d3c975fc2fdca29141629a,2023-11-09,B,오뚜기 갈비산적,8801045940052.0,가공식품>냉동식품>냉동가공식품>냉동스테이크/떡갈비/섭산적,9480,1,4044,0,4
653fba22c61064d476dfa1f73754a1e9,83af16a5d7d3c975fc2fdca29141629a,2023-11-09,B,오뚜기 갈비산적,8801045940052.0,가공식품>냉동식품>냉동가공식품>기타냉동가공식품,9480,1,4044,0,4
82fbb3c27e14f2299aa030d5b0ad4e1e,701dc648641ab4828ca451cc26353f04,2023-11-17,A,농심 얼큰한너구리120,8801043015011.0,가공식품>즉석/편의식품>라면류>봉지라면,4500,1,4044,0,7
82fbb3c27e14f2299aa030d5b0ad4e1e,701dc648641ab4828ca451cc26353f04,2023-11-17,A,농심 얼큰한너구리120,8801043015011.0,가공식품>즉석/편의식품>라면류>봉지라면,4500,1,4044,0,7
0948bfbc5d044446c20518da41553934,b7aeca826bc8ba69b6ab62910aa14381,2023-11-06,A,농심 얼큰한너구리120,8801043015011.0,가공식품>즉석/편의식품>라면류>봉지라면,4500,1,4044,1,7
0948bfbc5d044446c20518da41553934,b7aeca826bc8ba69b6ab62910aa14381,2023-11-06,A,농심 얼큰한너구리120,8801043015011.0,가공식품>즉석/편의식품>라면류>봉지라면,4500,1,4044,1,7
bee89509cb6101869e2a89553c336f6c,b329087e7efcf8d827d557948cc89c1c,2023-12-01,A,농심 얼큰한너구리120,8801043015011.0,가공식품>즉석/편의식품>라면류>봉지라면,4500,1,4549,0,7
bee89509cb6101869e2a89553c336f6c,b329087e7efcf8d827d557948cc89c1c,2023-12-01,A,농심 얼큰한너구리120,8801043015011.0,가공식품>즉석/편의식품>라면류>봉지라면,4500,1,4549,0,7
8eddb9b31f0292804259eebeb7051a28,d6a4750e9791c41b59d32c803fb76b80,2023-12-17,A,농심 얼큰한너구리120,8801043015011.0,가공식품>즉석/편의식품>라면류>봉지라면,4500,1,4549,1,7
8eddb9b31f0292804259eebeb7051a28,d6a4750e9791c41b59d32c803fb76b80,2023-12-17,A,농심 얼큰한너구리120,8801043015011.0,가공식품>즉석/편의식품>라면류>봉지라면,4500,1,4549,1,7
d6004f35415e9e55d0ca04c4946d8e16,778093da669c73c4577841666cbd90c3,2023-12-13,B,담터 콘푸레이크 포테이토마차,8803284606638.0,가공식품>차류>고형차>기타고형차,10900,1,3539,1,2
d6004f35415e9e55d0ca04c4946d8e16,778093da669c73c4577841666cbd90c3,2023-12-13,B,담터 콘푸레이크 포테이토마차,8803284606638.0,가공식품>차류>고형차>기타고형차,10900,1,3539,1,2
fe6e975796e6366989e028693b0f275f,a15a82d90755d97d1cf075726c95cbcf,2023-11-16,A,자연주의 꿀 유자차1k,8807920000088.0,가공식품>차류>액상차>유자/모과차,12980,1,5054,0,2
54c93765e34fac727bbe32273a65a017,9acf406b1c59fc387e46fbf51f1b30f4,2023-11-19,A,사조참치살코기135g*4,8801075016536.0,가공식품>통조림/병>수산물통조림/병>참치,11480,2,5054,1,5
a27d3f370ec7727f29bf6163d11555b8,701dc648641ab4828ca451cc26353f04,2023-11-18,A,사조참치살코기135g*4,8801075016536.0,가공식품>통조림/병>수산물통조림/병>참치,11480,2,4044,0,5
0c6dc36cd3f9fd45d00224dbf1801417,a9b55ccfe3c40dab53b8c2b041d8f70d,2023-11-24,A,자연주의 꿀 유자차1k,8807920000088.0,가공식품>차류>액상차>유자/모과차,12980,1,4044,0,2
1a39bd54836bbff85cda7c2d123be383,253e60acaad785227c7281227ee12fa9,2023-11-19,A,농심 올리브짜파게티1,8801043015264.0,가공식품>즉석/편의식품>라면류>봉지라면,4880,1,3539,0,2
1a39bd54836bbff85cda7c2d123be383,253e60acaad785227c7281227ee12fa9,2023-11-19,A,농심 올리브짜파게티1,8801043015264.0,가공식품>즉석/편의식품>라면류>봉지라면,4880,1,3539,0,2
cf870870ed0e3d30c921d359f87f133e,d5a56401bf5ab3463d28f41554753aa5,2023-11-18,A,농심 올리브짜파게티1,8801043015264.0,가공식품>즉석/편의식품>라면류>봉지라면,4880,1,4549,0,2
cf870870ed0e3d30c921d359f87f133e,d5a56401bf5ab3463d28f41554753aa5,2023-11-18,A,농심 올리브짜파게티1,8801043015264.0,가공식품>즉석/편의식품>라면류>봉지라면,4880,1,4549,0,2
ba90f63016b3055939342702369facde,701dc648641ab4828ca451cc26353f04,2023-11-17,A,농심 올리브짜파게티1,8801043015264.0,가공식품>즉석/편의식품>라면류>봉지라면,4880,2,4044,0,2
ba90f63016b3055939342702369facde,701dc648641ab4828ca451cc26353f04,2023-11-17,A,농심 올리브짜파게티1,8801043015264.0,가공식품>즉석/편의식품>라면류>봉지라면,4880,2,4044,0,2
bd191ef9348b53d3654e90a0ed6817d2,44808ad193344ccbc6f5a35f9a08d50e,2023-12-03,A,농심 올리브짜파게티1,8801043015264.0,가공식품>즉석/편의식품>라면류>봉지라면,4480,1,3034,0,2
bd191ef9348b53d3654e90a0ed6817d2,44808ad193344ccbc6f5a35f9a08d50e,2023-12-03,A,농심 올리브짜파게티1,8801043015264.0,가공식품>즉석/편의식품>라면류>봉지라면,4480,1,3034,0,2
745cd2af6163440bf63a2e8d578c1b4c,d6a4750e9791c41b59d32c803fb76b80,2023-12-17,A,농심 올리브짜파게티1,8801043015264.0,가공식품>즉석/편의식품>라면류>봉지라면,4880,1,4549,1,2
745cd2af6163440bf63a2e8d578c1b4c,d6a4750e9791c41b59d32c803fb76b80,2023-12-17,A,농심 올리브짜파게티1,8801043015264.0,가공식품>즉석/편의식품>라면류>봉지라면,4880,1,4549,1,2
18089b36dcd390bee372caff2fe72db5,3e996d2413d3b24648cf42d2fa2dee22,2023-11-18,A,해표 올리브오일900ml,8801039203910.0,가공식품>조미료>유지류>포도씨유,19800,2,4549,1,2
18089b36dcd390bee372caff2fe72db5,3e996d2413d3b24648cf42d2fa2dee22,2023-11-18,A,해표 올리브오일900ml,8801039203910.0,가공식품>조미료>유지류>포도씨유,19800,2,4549,1,2
f7db9f8bdeb70735e9f607b8208eb471,e2834cc5aaea62b3d54bd88b847af505,2023-12-05,A,노브랜드 올리브유2L,2000000332260.0,가공식품>조미료>유지류>포도씨유,20980,1,3034,0,9
f7db9f8bdeb70735e9f607b8208eb471,e2834cc5aaea62b3d54bd88b847af505,2023-12-05,A,노브랜드 올리브유2L,2000000332260.0,가공식품>조미료>유지류>포도씨유,20980,1,3034,0,9
eeae605426e09f45fcd264b1d34864e6,4b63572a35b36d26031c3a2074304ca1,2023-11-18,A,풀무원들기름재래김20,8801114119020.0,가공식품>수산가공식품>해조류>김,8980,2,6000,1,5
d21cf3b0afa7fefc2813ab0105a4df16,3e996d2413d3b24648cf42d2fa2dee22,2023-11-19,A,풀무원들기름재래김20,8801114119020.0,가공식품>수산가공식품>해조류>김,8980,2,4549,1,5
55672a2fc67fa1729ce256cdc1b9f49c,0bba958a95b74ae9f01bb0bdb071cc40,2023-11-17,A,풀무원들기름재래김20,8801114119020.0,가공식품>수산가공식품>해조류>김,8980,2,5054,1,5
3f9574f610c20e789f5e8fc8b05e1a47,27692223eade8407bbe12f0114636310,2023-11-25,A,서울우유 1.8L,8801115111030.0,가공식품>유제품>우유>일반우유,5970,1,5054,1,8
3f9574f610c20e789f5e8fc8b05e1a47,27692223eade8407bbe12f0114636310,2023-11-25,A,서울우유 1.8L,8801115111030.0,가공식품>유제품>우유>일반우유,5970,1,5054,1,8
3f9574f610c20e789f5e8fc8b05e1a47,27692223eade8407bbe12f0114636310,2023-11-25,A,서울우유 1.8L,8801115111030.0,가공식품>유제품>우유>일반우유,5970,1,5054,1,8
f18aa37f51d51b569c39186e71ebc9ed,83af16a5d7d3c975fc2fdca29141629a,2023-11-17,A,오뚜기 고소한참기름3,8801045440408.0,가공식품>조미료>유지류>참기름,10600,2,4044,0,8
f18aa37f51d51b569c39186e71ebc9ed,83af16a5d7d3c975fc2fdca29141629a,2023-11-17,A,오뚜기 고소한참기름3,8801045440408.0,가공식품>조미료>유지류>참기름,10600,2,4044,0,8
408f7e58fed6e0df993e050eb5bc2545,3c4d51a3a1153c595b4d82163f1f2c6c,2023-11-19,A,하겐다즈 초코렛473ml,3415581102291.0,가공식품>냉동식품>아이스크림>기타아이스크림류,15500,1,4044,0,2
408f7e58fed6e0df993e050eb5bc2545,3c4d51a3a1153c595b4d82163f1f2c6c,2023-11-19,A,하겐다즈 초코렛473ml,3415581102291.0,가공식품>냉동식품>아이스크림>기타아이스크림류,15500,1,4044,0,2
9582b4b03ce90e923db6cf02ffc3be68,ec71b920d4caa34c906f7df37917b95b,2023-11-17,A,채끝스테이크육포200g,8809044942251.0,가공식품>축산가공식품>조미육가공>육포,16980,2,4044,0,6
6c5c3ee21d64e56aa168b98bd3ba0b15,701dc648641ab4828ca451cc26353f04,2023-11-18,A,맛선생 사골한알87.5g,8801052091938.0,가공식품>조미료>종합조미료>기타조미료,9900,1,4044,0,3
d48892ee09469d96b174ada60c75da85,866232256ab75d484481215b2e36c7a0,2023-11-16,A,맛선생 사골한알87.5g,8801052091938.0,가공식품>조미료>종합조미료>기타조미료,9900,2,4044,0,3
b538d9815fc6b66019413046fed2df2d,0bba958a95b74ae9f01bb0bdb071cc40,2023-11-17,A,스키피땅콩버터크리미,37600257640.0,가공식품>유제품>유가공품>버터,8480,2,5054,1,6
ca557e21f3f65011ef3559e2c62343d4,88308f7592d41acddab153f61e3f062a,2023-11-06,A,스키피땅콩버터크리미,37600257640.0,가공식품>유제품>유가공품>버터,8480,1,4549,0,6
6c1a4d1be14d564ea21de9b1f2cc0dc0,7eb49eb0801b5ef196ed2f278df32246,2023-11-17,A,오뚜기마요네즈(논콜),8801045167213.0,가공식품>조미료>드레싱/소스>드레싱,6250,1,4549,0,2
6c1a4d1be14d564ea21de9b1f2cc0dc0,7eb49eb0801b5ef196ed2f278df32246,2023-11-17,A,오뚜기마요네즈(논콜),8801045167213.0,가공식품>조미료>드레싱/소스>케첩,6250,1,4549,0,2
6c1a4d1be14d564ea21de9b1f2cc0dc0,7eb49eb0801b5ef196ed2f278df32246,2023-11-17,A,오뚜기마요네즈(논콜),8801045167213.0,가공식품>조미료>드레싱/소스>케첩,6250,1,4549,0,2
4340b1f9e831621e15fb02a1a0e87a18,d5a56401bf5ab3463d28f41554753aa5,2023-11-18,A,동원 슬라이스치즈 1.,8801155603137.0,가공식품>유제품>유가공품>치즈류,24980,1,4549,0,5
07ad263624b62290a479d65fab064bbf,9d02f2686a742a864df2f6ba020be1ca,2023-11-17,A,해태 오예스(12입)360,8801019313219.0,가공식품>과자류>비스킷>파이류,4780,1,4044,0,7
07ad263624b62290a479d65fab064bbf,9d02f2686a742a864df2f6ba020be1ca,2023-11-17,A,해태 오예스(12입)360,8801019313219.0,가공식품>과자류>비스킷>파이류,4780,1,4044,0,7
04496fc807d0bd93557cd2a3b9330b28,da1c9f5577c6d62246eec591a62d6b69,2023-11-18,A,해태 오예스(12입)360,8801019313219.0,가공식품>과자류>비스킷>파이류,4780,1,4044,0,7
04496fc807d0bd93557cd2a3b9330b28,da1c9f5577c6d62246eec591a62d6b69,2023-11-18,A,해태 오예스(12입)360,8801019313219.0,가공식품>과자류>비스킷>파이류,4780,1,4044,0,7
f005abfa889720b9289433537519b06a,701dc648641ab4828ca451cc26353f04,2023-11-18,A,해태 오예스(12입)360,8801019313219.0,가공식품>과자류>비스킷>파이류,4780,1,4044,0,7
f005abfa889720b9289433537519b06a,701dc648641ab4828ca451cc26353f04,2023-11-18,A,해태 오예스(12입)360,8801019313219.0,가공식품>과자류>비스킷>파이류,4780,1,4044,0,7
8689d4bacc5a397f99709a1512dceee6,839a5092c95c4c443139af07985b85fe,2023-11-17,A,오뚜기빵가루500g,8801045426402.0,가공식품>분말류>밀가루분말류>빵가루,3680,1,3034,1,9
8689d4bacc5a397f99709a1512dceee6,839a5092c95c4c443139af07985b85fe,2023-11-17,A,오뚜기빵가루500g,8801045426402.0,가공식품>분말류>밀가루분말류>밀가루,3680,1,3034,1,9
a07c7ee13c04d201e738a4667628ec55,88308f7592d41acddab153f61e3f062a,2023-11-06,A,오뚜기빵가루500g,8801045426402.0,가공식품>분말류>밀가루분말류>빵가루,3680,1,4549,0,9
a07c7ee13c04d201e738a4667628ec55,88308f7592d41acddab153f61e3f062a,2023-11-06,A,오뚜기빵가루500g,8801045426402.0,가공식품>분말류>밀가루분말류>밀가루,3680,1,4549,0,9
b28198e41797f504f39dfca533507c33,3d866d784f939c7341beee22b3d5cca0,2023-11-08,A,스니커즈미니스760g,8804973304309.0,가공식품>과자류>사탕류>사탕,18180,1,6000,1,9
2974ca0be67fbfb86924c8d8af752edd,d5a56401bf5ab3463d28f41554753aa5,2023-11-18,A,이즈니포션버터20입,8809075122684.0,가공식품>유제품>유가공품>버터,12580,1,4549,0,6
2974ca0be67fbfb86924c8d8af752edd,d5a56401bf5ab3463d28f41554753aa5,2023-11-18,A,이즈니포션버터20입,8809075122684.0,가공식품>유제품>유가공품>기타유가공품,12580,1,4549,0,6
2974ca0be67fbfb86924c8d8af752edd,d5a56401bf5ab3463d28f41554753aa5,2023-11-18,A,이즈니포션버터20입,8809075122684.0,가공식품>유제품>유가공품>기타유가공품,12580,1,4549,0,6
3ca2dd6e7c0f3a0aff00aa563cf7261b,feb18958770d60af1f00ab05669ffe98,2023-12-01,A,CJ하선정까나리액젓2.,8801391100445.0,가공식품>조미료>종합조미료>물엿,14400,1,4549,0,4
3ca2dd6e7c0f3a0aff00aa563cf7261b,feb18958770d60af1f00ab05669ffe98,2023-12-01,A,CJ하선정까나리액젓2.,8801391100445.0,가공식품>조미료>종합조미료>물엿,14400,1,4549,0,4
c8aa7cffeb500424d98e236a009ca885,56b9f608cc2a34e0c2af1c809f35c0bd,2023-12-01,A,hy 하루우유 900ml*2,8801128281089.0,가공식품>유제품>우유>일반우유,4480,1,4549,1,8
e015e869406264e1074ff9c22b95293d,c38644a5c77ae4f5dc96f502b74d83b7,2023-12-04,A,hy 하루우유 900ml*2,8801128281089.0,가공식품>유제품>우유>일반우유,4480,1,3539,0,8
20b7c1d480eb68cd89efd021d99c9f1f,7ceea6a79acea068fa5667ae26123212,2023-11-29,A,hy 하루우유 900ml*2,8801128281089.0,가공식품>유제품>우유>일반우유,4480,1,4549,0,8
c71dd0b01248a454b064fcc805a173f0,313902d167c1f1752655c0026d11da9c,2023-11-13,A,hy 하루우유 900ml*2,8801128281089.0,가공식품>유제품>우유>일반우유,4480,1,4549,0,8
dc68cfe417df4b6d0f45caadd7d78dda,3d866d784f939c7341beee22b3d5cca0,2023-12-03,A,피코크 맛있는순대,8809266252015.0,가공식품>즉석/편의식품>즉석/조리식품>기타즉석/조리식품,8980,1,6000,1,2
dc68cfe417df4b6d0f45caadd7d78dda,3d866d784f939c7341beee22b3d5cca0,2023-12-03,A,피코크 맛있는순대,8809266252015.0,가공식품>즉석/편의식품>즉석/조리식품>기타즉석/조리식품,8980,1,6000,1,2
bd066521b2f66f3ccc96a0e4b26fab4f,13b73551a3f6d6f925fbfffd8412a869,2023-11-22,A,(팜덕)다향훈제오리슬,8809216731195.0,가공식품>축산가공식품>조미육가공>훈제오리,12460,1,4044,0,7
3415b1806d88f4ec05eb3231e565298c,1fb33d2760443c2ad8c7a00f506da488,2023-11-12,A,(팜덕)다향훈제오리슬,8809216731195.0,가공식품>축산가공식품>조미육가공>훈제오리,15580,1,4044,1,7
ebc6bd469f00c61e2181482be5226e18,b7aeca826bc8ba69b6ab62910aa14381,2023-11-25,A,스타벅스 다크 로스트,8809415435542.0,가공식품>커피/코코아>조제커피>인스턴트커피,26550,1,4044,1,7
cd4faa80904195c050a8d441d65e92a2,01536f1a2774f4327fd8b35446f2c665,2023-11-17,B,서울 흰우유,8801115111054.0,가공식품>유제품>우유>일반우유,7580,1,4549,0,7
cd4faa80904195c050a8d441d65e92a2,01536f1a2774f4327fd8b35446f2c665,2023-11-17,B,서울 흰우유,8801115111054.0,가공식품>유제품>우유>일반우유,7580,1,4549,0,7
cd4faa80904195c050a8d441d65e92a2,01536f1a2774f4327fd8b35446f2c665,2023-11-17,B,서울 흰우유,8801115111054.0,가공식품>유제품>우유>일반우유,7580,1,4549,0,7
46cea425e21fc87c25771ec25c521564,3e9f8836e19cbd79afa5f7103f9dac78,2023-12-04,A,서울우유 2.3L,8801115111054.0,가공식품>유제품>우유>일반우유,6580,1,6000,1,7
46cea425e21fc87c25771ec25c521564,3e9f8836e19cbd79afa5f7103f9dac78,2023-12-04,A,서울우유 2.3L,8801115111054.0,가공식품>유제품>우유>일반우유,6580,1,6000,1,7
46cea425e21fc87c25771ec25c521564,3e9f8836e19cbd79afa5f7103f9dac78,2023-12-04,A,서울우유 2.3L,8801115111054.0,가공식품>유제품>우유>일반우유,6580,1,6000,1,7
ce81ccecd72a9e03d45215939b878d24,f56a0e9e31747d177aa926ea320e8b17,2023-11-12,A,린트 린도볼 밀크 200,7610400068505.0,가공식품>과자류>사탕류>사탕,13980,1,4044,1,7
ce81ccecd72a9e03d45215939b878d24,f56a0e9e31747d177aa926ea320e8b17,2023-11-12,A,린트 린도볼 밀크 200,7610400068505.0,가공식품>과자류>사탕류>사탕,13980,1,4044,1,7
c4cd09129fb943d7552d6021bcb0155d,26116941535b8f6ca900e54b78e32dc0,2023-11-21,B,롯데 치즈스틱,8801123715114.0,가공식품>냉동식품>냉동가공식품>기타냉동가공식품,7980,1,4549,0,7
c4cd09129fb943d7552d6021bcb0155d,26116941535b8f6ca900e54b78e32dc0,2023-11-21,B,롯데 치즈스틱,8801123715114.0,가공식품>냉동식품>냉동가공식품>기타냉동가공식품,7980,1,4549,0,7
c4cd09129fb943d7552d6021bcb0155d,26116941535b8f6ca900e54b78e32dc0,2023-11-21,B,롯데 치즈스틱,8801123715114.0,가공식품>냉동식품>냉동가공식품>기타냉동가공식품,7980,1,4549,0,7
0a265164d56569c83677eb31508f10a1,ec71b920d4caa34c906f7df37917b95b,2023-11-17,A,오리온초코파이702g(1,8801117534615.0,가공식품>과자류>비스킷>파이류,6480,1,4044,0,6
0a265164d56569c83677eb31508f10a1,ec71b920d4caa34c906f7df37917b95b,2023-11-17,A,오리온초코파이702g(1,8801117534615.0,가공식품>과자류>비스킷>파이류,6480,1,4044,0,6
0a265164d56569c83677eb31508f10a1,ec71b920d4caa34c906f7df37917b95b,2023-11-17,A,오리온초코파이702g(1,8801117534615.0,가공식품>과자류>비스킷>파이류,6480,1,4044,0,6
b96eac5b82cf755f87e7dabe372edff6,e7ac81522d4289bc583634bc08ad7a38,2023-11-06,A,남양 프렌치카페 250,8801069228686.0,가공식품>커피/코코아>조제커피>믹스커피,34800,1,3539,0,5
98f5cbdb7dd96159486f37b384351203,06ecc0fa9156a83c5017b053e0cc04a7,2023-11-06,A,오리엔트 트러플 초콜,8690997114112.0,가공식품>과자류>사탕류>초콜릿류,8980,1,3034,0,4
98f5cbdb7dd96159486f37b384351203,06ecc0fa9156a83c5017b053e0cc04a7,2023-11-06,A,오리엔트 트러플 초콜,8690997114112.0,가공식품>과자류>사탕류>초콜릿류,8980,1,3034,0,4
012a9c52fcec9f89e99a78e1af90806e,839a5092c95c4c443139af07985b85fe,2023-11-17,A,CJ 고메핫도그크리스,8801007539010.0,가공식품>즉석/편의식품>냉동대용식>핫도그류,8480,1,3034,1,4
012a9c52fcec9f89e99a78e1af90806e,839a5092c95c4c443139af07985b85fe,2023-11-17,A,CJ 고메핫도그크리스,8801007539010.0,가공식품>냉동식품>냉동가공식품>기타냉동가공식품,8480,1,3034,1,4
012a9c52fcec9f89e99a78e1af90806e,839a5092c95c4c443139af07985b85fe,2023-11-17,A,CJ 고메핫도그크리스,8801007539010.0,가공식품>즉석/편의식품>냉동대용식>핫도그류,8480,1,3034,1,4
efa37e6b9f57ff1e23cca415d96d452b,a15a82d90755d97d1cf075726c95cbcf,2023-11-18,A,CJ 고메핫도그크리스,8801007539010.0,가공식품>즉석/편의식품>냉동대용식>핫도그류,8480,2,5054,0,4
efa37e6b9f57ff1e23cca415d96d452b,a15a82d90755d97d1cf075726c95cbcf,2023-11-18,A,CJ 고메핫도그크리스,8801007539010.0,가공식품>냉동식품>냉동가공식품>기타냉동가공식품,8480,2,5054,0,4
efa37e6b9f57ff1e23cca415d96d452b,a15a82d90755d97d1cf075726c95cbcf,2023-11-18,A,CJ 고메핫도그크리스,8801007539010.0,가공식품>즉석/편의식품>냉동대용식>핫도그류,8480,2,5054,0,4
03d988cb293c4b02235b1a287a6d8aa3,b4737c2e7dc98ac210f4d570e46ba75c,2023-11-19,A,아임리얼스트로베리70,8801114107966.0,가공식품>음료류>주스>희석과즙음료,10980,1,4044,1,3
03d988cb293c4b02235b1a287a6d8aa3,b4737c2e7dc98ac210f4d570e46ba75c,2023-11-19,A,아임리얼스트로베리70,8801114107966.0,가공식품>음료류>주스>기타주스,10980,1,4044,1,3
d34c454f04e2618622cc94fd3386aa10,ec71b920d4caa34c906f7df37917b95b,2023-11-17,A,첵스 스노우초코볼,8801083544205.0,가공식품>즉석/편의식품>편의식품>시리얼,7180,1,4044,0,6
25d665db58e14de242ff2dcfed9a1556,253e60acaad785227c7281227ee12fa9,2023-11-17,A,첵스 스노우초코볼,8801083544205.0,가공식품>즉석/편의식품>편의식품>시리얼,7180,1,3539,0,6
94c7cb2ac659e7c50e7ff94364519c35,da1c9f5577c6d62246eec591a62d6b69,2023-11-18,A,첵스 스노우초코볼,8801083544205.0,가공식품>즉석/편의식품>편의식품>시리얼,7180,2,4044,0,6
d350fa20966fdd470613f9554fbc27f3,4b63572a35b36d26031c3a2074304ca1,2023-11-21,A,삼립 발효미종 단팥호,8801068372649.0,가공식품>빵류/떡류>빵류>기타빵류,8780,1,6000,1,7
d350fa20966fdd470613f9554fbc27f3,4b63572a35b36d26031c3a2074304ca1,2023-11-21,A,삼립 발효미종 단팥호,8801068372649.0,가공식품>빵류/떡류>빵류>호빵/찐빵,8780,1,6000,1,7
639e28def7f0029460bcd5ba70dc2f8e,b4737c2e7dc98ac210f4d570e46ba75c,2023-11-19,A,첵스 스노우초코볼,8801083544205.0,가공식품>즉석/편의식품>편의식품>시리얼,7180,1,4044,1,6
8a09190b3e47f4b17c48fa0f1f56a15c,ee3f2712817f2b57dca2ad1b2155bed7,2023-12-15,B,삼립 단팥호빵,8801068372649.0,가공식품>빵류/떡류>빵류>기타빵류,8780,1,2529,1,7
8a09190b3e47f4b17c48fa0f1f56a15c,ee3f2712817f2b57dca2ad1b2155bed7,2023-12-15,B,삼립 단팥호빵,8801068372649.0,가공식품>빵류/떡류>빵류>호빵/찐빵,8780,1,2529,1,7
24a5f44fef489a2798810927970e8475,b459da8a846a56d3a3d9d34108ed87ef,2023-11-18,A,하림닭볶음탕용1000g,8801492374219.0,가공식품>축산가공식품>조미육가공>닭가공품,8980,1,4549,0,4
5d18fc50bd3b0489b264ece38b21d554,83af16a5d7d3c975fc2fdca29141629a,2023-12-01,A,하림닭볶음탕용1000g,8801492374219.0,가공식품>축산가공식품>조미육가공>닭가공품,9980,1,4044,0,4
bb13f7b9b15bbde8a8d7675ab3d43b7e,7eb49eb0801b5ef196ed2f278df32246,2023-11-17,A,청정원국산고추징1kg,8801052742588.0,가공식품>조미료>장류>고추장,26000,1,4549,0,2
befa482b8146b7c132a6a6395bbe04ab,76d7b9f9ff0c057683a47ba95dc2746d,2023-11-18,A,포스트 오레오 오즈 5,8801037065626.0,가공식품>즉석/편의식품>편의식품>시리얼,8680,1,3539,0,5
befa482b8146b7c132a6a6395bbe04ab,76d7b9f9ff0c057683a47ba95dc2746d,2023-11-18,A,포스트 오레오 오즈 5,8801037065626.0,가공식품>즉석/편의식품>편의식품>시리얼,8680,1,3539,0,5
63f6641c1e44dec21096122d1d36bead,839a5092c95c4c443139af07985b85fe,2023-11-17,A,풀무원 물만두250*3기,8801114116852.0,가공식품>즉석/편의식품>냉동대용식>만두류,9980,1,3034,1,9
63f6641c1e44dec21096122d1d36bead,839a5092c95c4c443139af07985b85fe,2023-11-17,A,풀무원 물만두250*3기,8801114116852.0,가공식품>즉석/편의식품>냉동대용식>만두류,9980,1,3034,1,9
63f6641c1e44dec21096122d1d36bead,839a5092c95c4c443139af07985b85fe,2023-11-17,A,풀무원 물만두250*3기,8801114116852.0,가공식품>즉석/편의식품>냉동대용식>만두류,9980,1,3034,1,9
924c006f3d77433430fd1fc18e0eebf3,634c4da98da8c63767837c105c624072,2023-11-19,A,양반 매콤만두420gx2,8801047308515.0,가공식품>즉석/편의식품>냉동대용식>만두류,9480,2,4549,1,3
924c006f3d77433430fd1fc18e0eebf3,634c4da98da8c63767837c105c624072,2023-11-19,A,양반 매콤만두420gx2,8801047308515.0,가공식품>즉석/편의식품>냉동대용식>만두류,9480,2,4549,1,3
98867c13c1d94411be2ba963a139731f,4b63572a35b36d26031c3a2074304ca1,2023-11-10,A,롯데빼빼로화이트132G,8801062007790.0,가공식품>과자류>비스킷>쿠키류,4380,3,6000,1,6
98867c13c1d94411be2ba963a139731f,4b63572a35b36d26031c3a2074304ca1,2023-11-10,A,롯데빼빼로화이트132G,8801062007790.0,가공식품>과자류>비스킷>쿠키류,4380,3,6000,1,6
98867c13c1d94411be2ba963a139731f,4b63572a35b36d26031c3a2074304ca1,2023-11-10,A,롯데빼빼로화이트132G,8801062007790.0,가공식품>과자류>사탕류>초콜릿류,4380,3,6000,1,6
0317ef4e878c7eb382754801a877bdaa,253e60acaad785227c7281227ee12fa9,2023-11-11,A,롯데빼빼로화이트132G,8801062007790.0,가공식품>과자류>비스킷>쿠키류,4380,1,3539,0,6
0317ef4e878c7eb382754801a877bdaa,253e60acaad785227c7281227ee12fa9,2023-11-11,A,롯데빼빼로화이트132G,8801062007790.0,가공식품>과자류>비스킷>쿠키류,4380,1,3539,0,6
0317ef4e878c7eb382754801a877bdaa,253e60acaad785227c7281227ee12fa9,2023-11-11,A,롯데빼빼로화이트132G,8801062007790.0,가공식품>과자류>사탕류>초콜릿류,4380,1,3539,0,6
ab11e64cf5e5142745bd6fdd11b73e92,eb0db4d6f1976127b1860f588abbda37,2023-12-03,A,닥터유 에너지바 미니,8801117465605.0,가공식품>과자류>사탕류>초콜릿류,9960,1,5054,0,2
ab11e64cf5e5142745bd6fdd11b73e92,eb0db4d6f1976127b1860f588abbda37,2023-12-03,A,닥터유 에너지바 미니,8801117465605.0,가공식품>과자류>사탕류>초콜릿류,9960,1,5054,0,2
4e70bf9702237af2656b55cc3a13b660,193b0351693cf787c2b1423f1b806806,2023-11-27,B,백설 고소함 가득 참기름 (320ML),8801007441375.0,가공식품>조미료>유지류>참기름,8500,1,4549,0,3
4e70bf9702237af2656b55cc3a13b660,193b0351693cf787c2b1423f1b806806,2023-11-27,B,백설 고소함 가득 참기름 (320ML),8801007441375.0,가공식품>조미료>유지류>참기름,8500,1,4549,0,3
c9f1e7c2db6395f7135b8dbfeb7709c1,253e60acaad785227c7281227ee12fa9,2023-11-17,A,청정원 안주야불막창,8801052030913.0,가공식품>즉석/편의식품>즉석/조리식품>기타즉석/조리식품,8980,2,3539,0,5
c9f1e7c2db6395f7135b8dbfeb7709c1,253e60acaad785227c7281227ee12fa9,2023-11-17,A,청정원 안주야불막창,8801052030913.0,가공식품>냉동식품>냉동가공식품>기타냉동가공식품,8980,2,3539,0,5
c9f1e7c2db6395f7135b8dbfeb7709c1,253e60acaad785227c7281227ee12fa9,2023-11-17,A,청정원 안주야불막창,8801052030913.0,가공식품>냉동식품>냉동가공식품>기타냉동가공식품,8980,2,3539,0,5
04ed9229c77d1021abe166926436e316,b60d891ca8319942b163aeabbd031719,2023-11-20,B,백설 쇠고기다시다 골드,8801007058481.0,가공식품>조미료>종합조미료>천연/발효조미료,19100,1,4044,1,6
a84dbcc04fa995b9e877b3affc2ae5ea,701dc648641ab4828ca451cc26353f04,2023-11-17,A,서울 후레쉬우유 2입,8801115114611.0,가공식품>유제품>우유>일반우유,4380,1,4044,0,3
a84dbcc04fa995b9e877b3affc2ae5ea,701dc648641ab4828ca451cc26353f04,2023-11-17,A,서울 후레쉬우유 2입,8801115114611.0,가공식품>유제품>우유>일반우유,4380,1,4044,0,3
6b4f6aa6136e1a34bec36e48b3ce217f,3fcca3b4fdf964d205ae632adbe41e27,2023-12-07,A,서울 후레쉬우유 2입,8801115114611.0,가공식품>유제품>우유>일반우유,4680,1,4044,0,3
6b4f6aa6136e1a34bec36e48b3ce217f,3fcca3b4fdf964d205ae632adbe41e27,2023-12-07,A,서울 후레쉬우유 2입,8801115114611.0,가공식품>유제품>우유>일반우유,4680,1,4044,0,3
95aa4c90322a47a6421350aad148f9ac,b4737c2e7dc98ac210f4d570e46ba75c,2023-12-02,A,남양 불가리스 사과 8,8801069225111.0,가공식품>유제품>요구르트>액상요구르트,9980,1,4044,1,4
95aa4c90322a47a6421350aad148f9ac,b4737c2e7dc98ac210f4d570e46ba75c,2023-12-02,A,남양 불가리스 사과 8,8801069225111.0,가공식품>유제품>요구르트>액상요구르트,9980,1,4044,1,4
95aa4c90322a47a6421350aad148f9ac,b4737c2e7dc98ac210f4d570e46ba75c,2023-12-02,A,남양 불가리스 사과 8,8801069225111.0,가공식품>유제품>요구르트>액상요구르트,9980,1,4044,1,4
e5af075bae9003e45a846d33fe1ad967,b79479be7533db00b8fd1200d8022b60,2023-11-25,B,남양 마시는 불가리스 사과 기획,8801069225111.0,가공식품>유제품>요구르트>액상요구르트,9980,1,3539,1,4
e5af075bae9003e45a846d33fe1ad967,b79479be7533db00b8fd1200d8022b60,2023-11-25,B,남양 마시는 불가리스 사과 기획,8801069225111.0,가공식품>유제품>요구르트>액상요구르트,9980,1,3539,1,4
e5af075bae9003e45a846d33fe1ad967,b79479be7533db00b8fd1200d8022b60,2023-11-25,B,남양 마시는 불가리스 사과 기획,8801069225111.0,가공식품>유제품>요구르트>액상요구르트,9980,1,3539,1,4
d6aae0da657a09bf757a45b613feaafc,3e996d2413d3b24648cf42d2fa2dee22,2023-11-17,A,청정원 무뼈닭발,8801052043852.0,가공식품>냉동식품>냉동가공식품>기타냉동가공식품,8980,2,4549,1,7
16dbb98f3f5ac483d37b5cd13698e882,0bba958a95b74ae9f01bb0bdb071cc40,2023-12-01,A,청정원 무뼈닭발,8801052043852.0,가공식품>냉동식품>냉동가공식품>기타냉동가공식품,8980,1,5054,1,7
0bc6ecaaf846a0aa870ac3c9540cf3f9,b325de143cb65e5f7e3e5a8387e7e8a5,2023-11-08,B,백설 진한참기름 (500ML),8801007440750.0,가공식품>조미료>유지류>참기름,13000,2,6000,0,2
0bc6ecaaf846a0aa870ac3c9540cf3f9,b325de143cb65e5f7e3e5a8387e7e8a5,2023-11-08,B,백설 진한참기름 (500ML),8801007440750.0,가공식품>조미료>유지류>참기름,13000,2,6000,0,2
a9b0a63a4b349734b41fbaf53581a132,7eb49eb0801b5ef196ed2f278df32246,2023-11-17,A,청정원순창재래식생된,8801052436029.0,가공식품>조미료>장류>된장,9100,1,4549,0,9
a9b0a63a4b349734b41fbaf53581a132,7eb49eb0801b5ef196ed2f278df32246,2023-11-17,A,청정원순창재래식생된,8801052436029.0,가공식품>조미료>장류>된장,9100,1,4549,0,9
61f799e89c86b8fc89932207f4eb9dd4,7ceea6a79acea068fa5667ae26123212,2023-11-29,A,오뚜기머스타드소스26,8801045176338.0,가공식품>조미료>드레싱/소스>소스,3080,1,4549,0,3
61f799e89c86b8fc89932207f4eb9dd4,7ceea6a79acea068fa5667ae26123212,2023-11-29,A,오뚜기머스타드소스26,8801045176338.0,가공식품>조미료>드레싱/소스>드레싱,3080,1,4549,0,3
61f799e89c86b8fc89932207f4eb9dd4,7ceea6a79acea068fa5667ae26123212,2023-11-29,A,오뚜기머스타드소스26,8801045176338.0,가공식품>조미료>드레싱/소스>드레싱,3080,1,4549,0,3
54789a920c42ab4ad9100b7d9a84ee56,3e9f8836e19cbd79afa5f7103f9dac78,2023-12-04,A,오뚜기머스타드소스26,8801045176338.0,가공식품>조미료>드레싱/소스>소스,3080,1,6000,1,3
54789a920c42ab4ad9100b7d9a84ee56,3e9f8836e19cbd79afa5f7103f9dac78,2023-12-04,A,오뚜기머스타드소스26,8801045176338.0,가공식품>조미료>드레싱/소스>드레싱,3080,1,6000,1,3
54789a920c42ab4ad9100b7d9a84ee56,3e9f8836e19cbd79afa5f7103f9dac78,2023-12-04,A,오뚜기머스타드소스26,8801045176338.0,가공식품>조미료>드레싱/소스>드레싱,3080,1,6000,1,3
0196c31619cbf9bd4410164780ce6f95,839a5092c95c4c443139af07985b85fe,2023-11-17,A,풀무원 노엣지피자 페,8801114148075.0,가공식품>즉석/편의식품>냉동대용식>피자류,9980,1,3034,1,5
60db995925f8c0c981ffc196d13662cb,5c18e127a78273d21ff88b3e4b8476c1,2023-12-08,A,풀무원 노엣지피자 페,8801114148075.0,가공식품>즉석/편의식품>냉동대용식>피자류,9980,1,3539,0,5
6b99d330680c7c96a765a7d018e1f77d,ec71b920d4caa34c906f7df37917b95b,2023-11-17,A,래핑카우128g,3073780886840.0,가공식품>유제품>유가공품>치즈류,6600,1,4044,0,3
6b99d330680c7c96a765a7d018e1f77d,ec71b920d4caa34c906f7df37917b95b,2023-11-17,A,래핑카우128g,3073780886840.0,가공식품>유제품>유가공품>치즈류,6600,1,4044,0,3
6b99d330680c7c96a765a7d018e1f77d,ec71b920d4caa34c906f7df37917b95b,2023-11-17,A,래핑카우128g,3073780886840.0,가공식품>유제품>유가공품>치즈류,6600,1,4044,0,3
be83b4f15b0b61d9332bcc53d39118bf,253e60acaad785227c7281227ee12fa9,2023-11-19,A,팔도 꼬꼬면 115g*5개,8801128509787.0,가공식품>즉석/편의식품>라면류>봉지라면,4780,1,3539,0,4
be83b4f15b0b61d9332bcc53d39118bf,253e60acaad785227c7281227ee12fa9,2023-11-19,A,팔도 꼬꼬면 115g*5개,8801128509787.0,가공식품>즉석/편의식품>라면류>봉지라면,4780,1,3539,0,4
4a7751c6020b1f998844acddf4a31ff9,8d2f329c7cbbe69f14a6cc83f4f8c3f9,2023-11-11,A,롯데 의성마늘골드햄,8801123409136.0,가공식품>축산가공식품>햄/소시지(통조림/병제외)>햄,8880,1,4044,0,4
4a7751c6020b1f998844acddf4a31ff9,8d2f329c7cbbe69f14a6cc83f4f8c3f9,2023-11-11,A,롯데 의성마늘골드햄,8801123409136.0,가공식품>축산가공식품>햄/소시지(통조림/병제외)>햄,8880,1,4044,0,4
4a7751c6020b1f998844acddf4a31ff9,8d2f329c7cbbe69f14a6cc83f4f8c3f9,2023-11-11,A,롯데 의성마늘골드햄,8801123409136.0,가공식품>축산가공식품>햄/소시지(통조림/병제외)>햄,8880,1,4044,0,4
64d07035c84e6a51026fd0b1d7f62525,3d866d784f939c7341beee22b3d5cca0,2023-12-03,A,팔도 꼬꼬면 115g*5개,8801128509787.0,가공식품>즉석/편의식품>라면류>봉지라면,4780,1,6000,1,4
64d07035c84e6a51026fd0b1d7f62525,3d866d784f939c7341beee22b3d5cca0,2023-12-03,A,팔도 꼬꼬면 115g*5개,8801128509787.0,가공식품>즉석/편의식품>라면류>봉지라면,4780,1,6000,1,4
